{
  "version": 1,
  "dateCreated": "2015-06-14T22:04:09.987Z",
  "dateLastUpdated": "2015-06-18T02:42:09.258Z",
  "id": "1434319441752",
  "name": "Farm12",
  "geometry": {
    "type": "MultiPolygon",
    "coordinates": [
      [
        [
          [
            146.13815129007804,
            -38.42843306757522
          ],
          [
            146.13810718996183,
            -38.42866059809541
          ],
          [
            146.13714057001275,
            -38.42893295796086
          ],
          [
            146.13680950048513,
            -38.42932685744753
          ],
          [
            146.13688516013838,
            -38.42971750768485
          ],
          [
            146.1377038299413,
            -38.43066580796583
          ],
          [
            146.13720154572314,
            -38.432724170556085
          ],
          [
            146.13709115007546,
            -38.432923357652285
          ],
          [
            146.13297245015949,
            -38.43598099813069
          ],
          [
            146.13096195964656,
            -38.436947767828634
          ],
          [
            146.1272611798594,
            -38.436473937805324
          ],
          [
            146.1283373699799,
            -38.431251797373186
          ],
          [
            146.12799159943842,
            -38.43122953749741
          ],
          [
            146.12879691009553,
            -38.427237607284745
          ],
          [
            146.13815129007804,
            -38.42843306757522
          ]
        ]
      ],
      [
        [
          [
            146.13717761022377,
            -38.43310849736908
          ],
          [
            146.13462846720893,
            -38.44493886492911
          ],
          [
            146.1340416365795,
            -38.44476130902877
          ],
          [
            146.13341936408804,
            -38.44477811484636
          ],
          [
            146.13238939582638,
            -38.444895755459974
          ],
          [
            146.13159546195791,
            -38.44481172646982
          ],
          [
            146.13127359687613,
            -38.444307550474406
          ],
          [
            146.1313379698925,
            -38.44358489207244
          ],
          [
            146.1310190700587,
            -38.44105869782254
          ],
          [
            146.13087169999767,
            -38.440580328040376
          ],
          [
            146.1306727820568,
            -38.43929921100586
          ],
          [
            146.13060840904043,
            -38.4383580077547
          ],
          [
            146.1309088164501,
            -38.43750082983126
          ],
          [
            146.13157563982622,
            -38.43686886783995
          ],
          [
            146.1331133799736,
            -38.436125688048755
          ],
          [
            146.13717761022377,
            -38.43310849736908
          ]
        ]
      ],
      [
        [
          [
            146.13455741155585,
            -38.44526857158289
          ],
          [
            146.13414555019955,
            -38.44717962743333
          ],
          [
            146.1295398605381,
            -38.44658342798811
          ],
          [
            146.13010120766398,
            -38.44551770964153
          ],
          [
            146.13062152595725,
            -38.44555306078083
          ],
          [
            146.13079318733418,
            -38.44538500423324
          ],
          [
            146.1313940021535,
            -38.44525055871343
          ],
          [
            146.1317158672353,
            -38.44513291867815
          ],
          [
            146.13253125877583,
            -38.44530097581274
          ],
          [
            146.13283166618552,
            -38.44577153370763
          ],
          [
            146.13300332756245,
            -38.446090839103285
          ],
          [
            146.13300332756245,
            -38.445603477668776
          ],
          [
            146.13308915825093,
            -38.445317781504656
          ],
          [
            146.13358268470967,
            -38.445216947294334
          ],
          [
            146.1340547534963,
            -38.44520014157896
          ],
          [
            146.13455741155585,
            -38.44526857158289
          ]
        ]
      ]
    ],
    "crs": "EPSG:4283"
  },
  "paddocks": [
    {
      "name": "19",
      "_id": 1434322089626,
      "area": 2.957630313508103,
      "geometry": {
        "type": "Polygon",
        "coordinates": [
          [
            [
              146.13231444443528,
              -38.431028581323076
            ],
            [
              146.13296890343491,
              -38.43084368190169
            ],
            [
              146.13414907540144,
              -38.430557927319256
            ],
            [
              146.13491082276167,
              -38.430608354680686
            ],
            [
              146.13408638980454,
              -38.432505646994194
            ],
            [
              146.13324807775706,
              -38.432389107523136
            ],
            [
              146.13231444443528,
              -38.431028581323076
            ]
          ]
        ],
        "crs": "EPSG:4283"
      },
      "dateLastUpdated": "2015-06-18T02:42:09.254Z"
    },
    {
      "name": "42",
      "_id": 1434322089626,
      "area": 1.7336695820594945,
      "geometry": {
        "type": "Polygon",
        "coordinates": [
          [
            [
              146.13553309525315,
              -38.43073442293019
            ],
            [
              146.13571548546616,
              -38.430608354680686
            ],
            [
              146.13616609658064,
              -38.43050749992263
            ],
            [
              146.13624119843305,
              -38.430717613842994
            ],
            [
              146.13650941933457,
              -38.43070920929788
            ],
            [
              146.13669180954759,
              -38.430633568348185
            ],
            [
              146.13692784394087,
              -38.43062516379333
            ],
            [
              146.13690638626878,
              -38.43048228621112
            ],
            [
              146.13685274208845,
              -38.430280576201945
            ],
            [
              146.13731334105867,
              -38.43021348952915
            ],
            [
              146.1377038299413,
              -38.43066580796583
            ],
            [
              146.13742135039683,
              -38.431823417407834
            ],
            [
              146.13645432837205,
              -38.43135073101306
            ],
            [
              146.13645432837177,
              -38.431350731012905
            ],
            [
              146.1364543283715,
              -38.43135073101278
            ],
            [
              146.1356511124498,
              -38.43094453619022
            ],
            [
              146.1354767739513,
              -38.430872893172385
            ],
            [
              146.13547677395127,
              -38.43087289317236
            ],
            [
              146.13553309525315,
              -38.43073442293019
            ]
          ]
        ],
        "crs": "EPSG:4283"
      },
      "dateLastUpdated": "2015-06-18T02:42:09.254Z"
    },
    {
      "name": "45",
      "_id": 1434322089626,
      "area": 2.7964056368787547,
      "geometry": {
        "type": "Polygon",
        "coordinates": [
          [
            [
              146.13584423149885,
              -38.42997801013176
            ],
            [
              146.13358044709028,
              -38.430423454183305
            ],
            [
              146.13301181877915,
              -38.42976789405936
            ],
            [
              146.1334195145494,
              -38.429423302377124
            ],
            [
              146.13389158333604,
              -38.42959139608607
            ],
            [
              146.13389158333604,
              -38.429347660080424
            ],
            [
              146.13542211334985,
              -38.428493806923335
            ],
            [
              146.13542211334985,
              -38.428493806923335
            ],
            [
              146.13584423149885,
              -38.42997801013176
            ]
          ]
        ],
        "crs": "EPSG:4283"
      },
      "dateLastUpdated": "2015-06-18T02:42:09.254Z"
    },
    {
      "name": "44",
      "_id": 1434322089626,
      "area": 2.680033397129227,
      "geometry": {
        "type": "Polygon",
        "coordinates": [
          [
            [
              146.13688516013838,
              -38.42971750768485
            ],
            [
              146.13584423149885,
              -38.42997801013176
            ],
            [
              146.13542211334985,
              -38.428493806923335
            ],
            [
              146.13542211334985,
              -38.428493806923335
            ],
            [
              146.13538289154832,
              -38.42835589819425
            ],
            [
              146.1357081918171,
              -38.428120874910185
            ],
            [
              146.13815129007804,
              -38.42843306757522
            ],
            [
              146.13810718996183,
              -38.42866059809541
            ],
            [
              146.13714057001275,
              -38.42893295796086
            ],
            [
              146.13680950048513,
              -38.42932685744753
            ],
            [
              146.13683987034207,
              -38.42948366507909
            ],
            [
              146.13685120509436,
              -38.42954218932618
            ],
            [
              146.13688516013838,
              -38.42971750768485
            ]
          ]
        ],
        "crs": "EPSG:4283"
      },
      "dateLastUpdated": "2015-06-18T02:42:09.254Z"
    },
    {
      "name": "51",
      "_id": 1434322089626,
      "area": 0.5937010840000061,
      "geometry": {
        "type": "Polygon",
        "coordinates": [
          [
            [
              146.13486022461436,
              -38.43457956818881
            ],
            [
              146.1341919907457,
              -38.433566698248725
            ],
            [
              146.13453531349964,
              -38.43345744339747
            ],
            [
              146.13470697487656,
              -38.4335919108832
            ],
            [
              146.13488936508958,
              -38.43354988982082
            ],
            [
              146.13532348047568,
              -38.434235656086194
            ],
            [
              146.13486022461436,
              -38.43457956818881
            ]
          ]
        ],
        "crs": "EPSG:4283"
      },
      "dateLastUpdated": "2015-06-18T02:42:09.254Z"
    },
    {
      "name": "52",
      "_id": 1434322089626,
      "area": 0.3537141213297712,
      "geometry": {
        "type": "Polygon",
        "coordinates": [
          [
            [
              146.13495751145138,
              -38.43365754014745
            ],
            [
              146.1350932129747,
              -38.433566698248725
            ],
            [
              146.1350932129747,
              -38.43348265607012
            ],
            [
              146.13528633202378,
              -38.4333986137937
            ],
            [
              146.13582423322617,
              -38.433863905183074
            ],
            [
              146.13550352431938,
              -38.43410199461139
            ],
            [
              146.13536192214448,
              -38.43420711766856
            ],
            [
              146.13532348047568,
              -38.434235656086194
            ],
            [
              146.13495751145138,
              -38.43365754014745
            ]
          ]
        ],
        "crs": "EPSG:4283"
      },
      "dateLastUpdated": "2015-06-18T02:42:09.255Z"
    },
    {
      "name": "53",
      "_id": 1434322089626,
      "area": 0.7523257110121778,
      "geometry": {
        "type": "Polygon",
        "coordinates": [
          [
            [
              146.13550090874497,
              -38.43337340109169
            ],
            [
              146.1356296547777,
              -38.43329776293287
            ],
            [
              146.13582277382676,
              -38.43318010341719
            ],
            [
              146.1358660306491,
              -38.43275304637319
            ],
            [
              146.13709115007546,
              -38.432923357652285
            ],
            [
              146.13647373906807,
              -38.433381719491756
            ],
            [
              146.1359173649296,
              -38.43379476547182
            ],
            [
              146.13550090874497,
              -38.43337340109169
            ]
          ]
        ],
        "crs": "EPSG:4283"
      },
      "dateLastUpdated": "2015-06-18T02:42:09.255Z"
    },
    {
      "name": "55",
      "_id": 1434322089626,
      "area": 0.519735653638799,
      "geometry": {
        "type": "Polygon",
        "coordinates": [
          [
            [
              146.1341919907457,
              -38.433566698248725
            ],
            [
              146.13369846428697,
              -38.43282712371977
            ],
            [
              146.1337413796312,
              -38.43265903754305
            ],
            [
              146.13391304100816,
              -38.43265063322396
            ],
            [
              146.13452458466355,
              -38.43271786774942
            ],
            [
              146.13453190853136,
              -38.43322272802143
            ],
            [
              146.1345319085314,
              -38.43322272802143
            ],
            [
              146.13453531349964,
              -38.43345744339747
            ],
            [
              146.1341919907457,
              -38.433566698248725
            ]
          ]
        ],
        "crs": "EPSG:4283"
      },
      "dateLastUpdated": "2015-06-18T02:42:09.255Z"
    },
    {
      "name": "Paddock 1434321595844",
      "_id": 1434322089626,
      "geometry": {
        "type": "Polygon",
        "coordinates": [
          [
            [
              146.1356296547777,
              -38.43329776293287
            ],
            [
              146.13561892594166,
              -38.43312967785178
            ],
            [
              146.13524341667954,
              -38.432885953789146
            ],
            [
              146.13528959586318,
              -38.43267291253982
            ],
            [
              146.1358660306491,
              -38.43275304637319
            ],
            [
              146.13582277382676,
              -38.43318010341719
            ],
            [
              146.1356296547777,
              -38.43329776293287
            ]
          ]
        ],
        "crs": "EPSG:4283"
      },
      "dateLastUpdated": "2015-06-18T02:42:09.255Z"
    },
    {
      "name": "54",
      "_id": 1434322089626,
      "area": 0.1817199049658651,
      "geometry": {
        "type": "Polygon",
        "coordinates": [
          [
            [
              146.13453190853136,
              -38.43322272802143
            ],
            [
              146.13452458466355,
              -38.43271786774942
            ],
            [
              146.1350932129747,
              -38.4328019108182
            ],
            [
              146.13524341667954,
              -38.432885953789146
            ],
            [
              146.13501811112235,
              -38.43291957095017
            ],
            [
              146.13495373810593,
              -38.43302042233925
            ],
            [
              146.13453190853136,
              -38.43322272802143
            ]
          ]
        ],
        "crs": "EPSG:4283"
      },
      "dateLastUpdated": "2015-06-18T02:42:09.255Z"
    },
    {
      "name": "16",
      "_id": 1434322089626,
      "area": 1.3443309776156727,
      "geometry": {
        "type": "Polygon",
        "coordinates": [
          [
            [
              146.13649869049848,
              -38.431373165344965
            ],
            [
              146.13742135039683,
              -38.431823417407834
            ],
            [
              146.13720154572314,
              -38.432724170556085
            ],
            [
              146.13709115007546,
              -38.432923357652285
            ],
            [
              146.1360347945138,
              -38.43277650728505
            ],
            [
              146.13649869049848,
              -38.431373165344965
            ]
          ]
        ],
        "crs": "EPSG:4283"
      },
      "dateLastUpdated": "2015-06-18T02:42:09.255Z"
    },
    {
      "name": "17",
      "_id": 1434322089626,
      "area": 1.5174386682313699,
      "geometry": {
        "type": "Polygon",
        "coordinates": [
          [
            [
              146.13645432837177,
              -38.431350731012905
            ],
            [
              146.13649869049848,
              -38.431373165344965
            ],
            [
              146.1360347945138,
              -38.43277650728505
            ],
            [
              146.13575858913998,
              -38.43273811025845
            ],
            [
              146.13528959586318,
              -38.43267291253982
            ],
            [
              146.13505757439754,
              -38.43264065774813
            ],
            [
              146.1356511124498,
              -38.43094453619022
            ],
            [
              146.1364543283715,
              -38.43135073101278
            ],
            [
              146.13645432837177,
              -38.431350731012905
            ]
          ]
        ],
        "crs": "EPSG:4283"
      },
      "dateLastUpdated": "2015-06-18T02:42:09.255Z"
    },
    {
      "name": "18",
      "_id": 1434322089626,
      "area": 1.4525191543977347,
      "geometry": {
        "type": "Polygon",
        "coordinates": [
          [
            [
              146.13499665345017,
              -38.430675591107814
            ],
            [
              146.13547677395127,
              -38.43087289317236
            ],
            [
              146.1354767739513,
              -38.430872893172385
            ],
            [
              146.1356511124498,
              -38.43094453619022
            ],
            [
              146.13505757439754,
              -38.43264065774813
            ],
            [
              146.13417698334263,
              -38.43251824100807
            ],
            [
              146.13499665345017,
              -38.430675591107814
            ]
          ]
        ],
        "crs": "EPSG:4283"
      },
      "dateLastUpdated": "2015-06-18T02:42:09.255Z"
    },
    {
      "name": "32",
      "_id": 1434322089626,
      "area": 1.532943852347318,
      "geometry": {
        "type": "Polygon",
        "coordinates": [
          [
            [
              146.13304584848902,
              -38.44087784995144
            ],
            [
              146.13312555024459,
              -38.44018727860466
            ],
            [
              146.13555972244404,
              -38.44061720910264
            ],
            [
              146.13546869786117,
              -38.441039636305725
            ],
            [
              146.1354331639909,
              -38.441204541344504
            ],
            [
              146.13304584848902,
              -38.44087784995144
            ]
          ]
        ],
        "crs": "EPSG:4283"
      },
      "dateLastUpdated": "2015-06-18T02:42:09.255Z"
    },
    {
      "name": "31",
      "_id": 1434322089626,
      "area": 1.2777564340665601,
      "geometry": {
        "type": "Polygon",
        "coordinates": [
          [
            [
              146.13312555024459,
              -38.44018727860466
            ],
            [
              146.13313568245272,
              -38.4399333220327
            ],
            [
              146.13314700791673,
              -38.439649456294624
            ],
            [
              146.13566778052865,
              -38.44011572955568
            ],
            [
              146.13555972244404,
              -38.44061720910264
            ],
            [
              146.13312555024459,
              -38.44018727860466
            ]
          ]
        ],
        "crs": "EPSG:4283"
      },
      "dateLastUpdated": "2015-06-18T02:42:09.255Z"
    },
    {
      "name": "30",
      "_id": 1434322089626,
      "area": 1.4687705525151145,
      "geometry": {
        "type": "Polygon",
        "coordinates": [
          [
            [
              146.13314700791673,
              -38.439649456294624
            ],
            [
              146.133222606121,
              -38.43928430663501
            ],
            [
              146.13327575394942,
              -38.43902759425348
            ],
            [
              146.13479924866988,
              -38.43922927982673
            ],
            [
              146.13518548676802,
              -38.439615842267145
            ],
            [
              146.1357469855427,
              -38.43974815008365
            ],
            [
              146.1357061760872,
              -38.43993754133354
            ],
            [
              146.13568634846285,
              -38.440029558519235
            ],
            [
              146.13568459778864,
              -38.44003768314378
            ],
            [
              146.13566778052865,
              -38.44011572955568
            ],
            [
              146.13314700791673,
              -38.439649456294624
            ]
          ]
        ],
        "crs": "EPSG:4283"
      },
      "dateLastUpdated": "2015-06-18T02:42:09.255Z"
    },
    {
      "name": "56",
      "_id": 1434322089626,
      "area": 0.7292036303646972,
      "geometry": {
        "type": "Polygon",
        "coordinates": [
          [
            [
              146.1357469855427,
              -38.43974815008365
            ],
            [
              146.13518548676802,
              -38.439615842267145
            ],
            [
              146.13479924866988,
              -38.43922927982673
            ],
            [
              146.13601880228273,
              -38.438486672103764
            ],
            [
              146.13596163537647,
              -38.43875198060167
            ],
            [
              146.1357469855427,
              -38.43974815008365
            ]
          ]
        ],
        "crs": "EPSG:4283"
      },
      "dateLastUpdated": "2015-06-18T02:42:09.255Z"
    },
    {
      "name": "27",
      "_id": 1434322089626,
      "area": 3.202997486517661,
      "geometry": {
        "type": "Polygon",
        "coordinates": [
          [
            [
              146.13602117945038,
              -38.438475639777025
            ],
            [
              146.13479924866988,
              -38.43922927982673
            ],
            [
              146.13327575394942,
              -38.43902759425348
            ],
            [
              146.13361278811792,
              -38.43830156543321
            ],
            [
              146.13396880620598,
              -38.43753463409678
            ],
            [
              146.13616343798344,
              -38.4378154213413
            ],
            [
              146.1360418919177,
              -38.43837951408924
            ],
            [
              146.13602117945038,
              -38.438475639777025
            ]
          ]
        ],
        "crs": "EPSG:4283"
      },
      "dateLastUpdated": "2015-06-18T02:42:09.255Z"
    },
    {
      "name": "24",
      "_id": 1434322089626,
      "area": 3.6511615476354806,
      "geometry": {
        "type": "Polygon",
        "coordinates": [
          [
            [
              146.13398994462344,
              -38.43750953231022
            ],
            [
              146.1342670925982,
              -38.437180419386635
            ],
            [
              146.1342670925982,
              -38.43706276619825
            ],
            [
              146.13407397354914,
              -38.436810651577524
            ],
            [
              146.1338915833361,
              -38.43645768962935
            ],
            [
              146.13393449868036,
              -38.436314823588305
            ],
            [
              146.1339774140246,
              -38.436180361173776
            ],
            [
              146.13411688889337,
              -38.43602068673123
            ],
            [
              146.13431000794245,
              -38.43580218429024
            ],
            [
              146.13446021164728,
              -38.43561729709286
            ],
            [
              146.13438510979486,
              -38.43552485331662
            ],
            [
              146.13420444688825,
              -38.43531571754907
            ],
            [
              146.13478344340464,
              -38.43488588678608
            ],
            [
              146.1354365357287,
              -38.43570133678672
            ],
            [
              146.13557601059748,
              -38.43598707101414
            ],
            [
              146.13652553616922,
              -38.43613490511218
            ],
            [
              146.1362321428328,
              -38.43749656162308
            ],
            [
              146.13616802174292,
              -38.43779414812312
            ],
            [
              146.13397868198302,
              -38.437535799470155
            ],
            [
              146.1339899446234,
              -38.43750953231027
            ],
            [
              146.13398994462344,
              -38.43750953231025
            ],
            [
              146.13398994462344,
              -38.43750953231022
            ]
          ],
          [
            [
              146.13427782143427,
              -38.43611312987261
            ],
            [
              146.1340739735491,
              -38.43623918851095
            ],
            [
              146.1340739735491,
              -38.436255996312774
            ],
            [
              146.13406324471305,
              -38.436255996312774
            ],
            [
              146.134052515877,
              -38.43626440021221
            ],
            [
              146.13404178704099,
              -38.436281208008154
            ],
            [
              146.13404178704099,
              -38.436298015800176
            ],
            [
              146.13404178704099,
              -38.436314823588305
            ],
            [
              146.13404178704099,
              -38.43633163137252
            ],
            [
              146.13404178704099,
              -38.43634843915281
            ],
            [
              146.13404178704099,
              -38.436365246929185
            ],
            [
              146.13404178704099,
              -38.43638205470167
            ],
            [
              146.13404178704099,
              -38.436398862470206
            ],
            [
              146.13404178704099,
              -38.43641567023485
            ],
            [
              146.13404178704099,
              -38.43643247799558
            ],
            [
              146.134052515877,
              -38.436440881874475
            ],
            [
              146.13406324471305,
              -38.43644928575244
            ],
            [
              146.13406324471305,
              -38.4364660935053
            ],
            [
              146.1340739735491,
              -38.43647449738031
            ],
            [
              146.13408470238517,
              -38.4364829012543
            ],
            [
              146.13409543122123,
              -38.43649130512732
            ],
            [
              146.13410616005729,
              -38.43649970899938
            ],
            [
              146.13411688889335,
              -38.43650811287046
            ],
            [
              146.13412761772943,
              -38.43651651674056
            ],
            [
              146.13413834656546,
              -38.43652492060966
            ],
            [
              146.13414907540152,
              -38.436541728345
            ],
            [
              146.13415980423758,
              -38.43655013221115
            ],
            [
              146.13417053307364,
              -38.43655853607634
            ],
            [
              146.1341812619097,
              -38.436566939940555
            ],
            [
              146.13419199074576,
              -38.43657534380381
            ],
            [
              146.13420271958182,
              -38.43658374766607
            ],
            [
              146.13421344841788,
              -38.436592151527364
            ],
            [
              146.13422417725394,
              -38.436600555387685
            ],
            [
              146.13423490609,
              -38.43660895924702
            ],
            [
              146.13425636376212,
              -38.43660895924702
            ],
            [
              146.13426709259818,
              -38.43661736310536
            ],
            [
              146.13427782143424,
              -38.436625766962734
            ],
            [
              146.13428855027033,
              -38.43664257467456
            ],
            [
              146.1343207367785,
              -38.43665097852901
            ],
            [
              146.13433146561454,
              -38.43666778623495
            ],
            [
              146.13435292328666,
              -38.436676190086445
            ],
            [
              146.13437438095877,
              -38.436692997786515
            ],
            [
              146.13438510979483,
              -38.43670140163511
            ],
            [
              146.13439583863092,
              -38.43670980548269
            ],
            [
              146.13440656746698,
              -38.43671820932933
            ],
            [
              146.13442802513907,
              -38.43672661317495
            ],
            [
              146.13443875397513,
              -38.43673501701962
            ],
            [
              146.13446021164725,
              -38.43673501701962
            ],
            [
              146.1344709404833,
              -38.436751824706
            ],
            [
              146.13449239815543,
              -38.436751824706
            ],
            [
              146.1345031269915,
              -38.436768632388485
            ],
            [
              146.1345245846636,
              -38.436768632388485
            ],
            [
              146.1345245846636,
              -38.43678544006703
            ],
            [
              146.13454604233573,
              -38.43678544006703
            ],
            [
              146.1345567711718,
              -38.43679384390486
            ],
            [
              146.13456750000785,
              -38.436802247741674
            ],
            [
              146.1345782288439,
              -38.436810651577495
            ],
            [
              146.13459968651603,
              -38.436810651577495
            ],
            [
              146.13462114418815,
              -38.436810651577495
            ],
            [
              146.1346426018603,
              -38.436810651577495
            ],
            [
              146.13466405953238,
              -38.436810651577495
            ],
            [
              146.13467478836844,
              -38.436802247741674
            ],
            [
              146.13469624604056,
              -38.436802247741674
            ],
            [
              146.1347177037127,
              -38.436802247741674
            ],
            [
              146.13472843254877,
              -38.43679384390486
            ],
            [
              146.13474989022086,
              -38.43679384390486
            ],
            [
              146.13474989022086,
              -38.43678544006703
            ],
            [
              146.13478207672904,
              -38.43678544006703
            ],
            [
              146.13480353440116,
              -38.43678544006703
            ],
            [
              146.13482499207328,
              -38.43678544006703
            ],
            [
              146.13483572090934,
              -38.43677703622823
            ],
            [
              146.13485717858146,
              -38.43677703622823
            ],
            [
              146.13486790741752,
              -38.436768632388485
            ],
            [
              146.13486790741752,
              -38.436760228547726
            ],
            [
              146.13488936508963,
              -38.436760228547726
            ],
            [
              146.13491082276175,
              -38.436760228547726
            ],
            [
              146.13491082276175,
              -38.436751824706
            ],
            [
              146.1349322804339,
              -38.436751824706
            ],
            [
              146.134953738106,
              -38.436751824706
            ],
            [
              146.134953738106,
              -38.43674342086328
            ],
            [
              146.1349751957781,
              -38.43674342086328
            ],
            [
              146.13499665345023,
              -38.43674342086328
            ],
            [
              146.13501811112235,
              -38.43673501701962
            ],
            [
              146.13503956879447,
              -38.43673501701962
            ],
            [
              146.1350610264666,
              -38.43673501701962
            ],
            [
              146.1350610264666,
              -38.43672661317495
            ],
            [
              146.13508248413874,
              -38.43672661317495
            ],
            [
              146.13510394181083,
              -38.43672661317495
            ],
            [
              146.135136128319,
              -38.43671820932933
            ],
            [
              146.13516831482718,
              -38.43670980548269
            ],
            [
              146.1351897724993,
              -38.43670980548269
            ],
            [
              146.13522195900748,
              -38.43670980548269
            ],
            [
              146.1352434166796,
              -38.43670980548269
            ],
            [
              146.13526487435172,
              -38.43670980548269
            ],
            [
              146.13528633202384,
              -38.43670980548269
            ],
            [
              146.13530778969596,
              -38.43670980548269
            ],
            [
              146.1353292473681,
              -38.43670980548269
            ],
            [
              146.1353507050402,
              -38.43670980548269
            ],
            [
              146.13537216271234,
              -38.43670980548269
            ],
            [
              146.13539362038443,
              -38.43670980548269
            ],
            [
              146.13541507805658,
              -38.43670980548269
            ],
            [
              146.13543653572867,
              -38.43670980548269
            ],
            [
              146.13544726456476,
              -38.43671820932933
            ],
            [
              146.13546872223685,
              -38.43671820932933
            ],
            [
              146.1354794510729,
              -38.43672661317495
            ],
            [
              146.13550090874503,
              -38.43672661317495
            ],
            [
              146.1355116375811,
              -38.43673501701962
            ],
            [
              146.13552236641715,
              -38.43674342086328
            ],
            [
              146.1355330952532,
              -38.436751824706
            ],
            [
              146.13555455292533,
              -38.436751824706
            ],
            [
              146.13555455292533,
              -38.436768632388485
            ],
            [
              146.1355652817614,
              -38.43677703622823
            ],
            [
              146.1355867394335,
              -38.43677703622823
            ],
            [
              146.1355867394335,
              -38.43679384390486
            ],
            [
              146.13560819710563,
              -38.43679384390486
            ],
            [
              146.13562965477774,
              -38.43679384390486
            ],
            [
              146.13565111244986,
              -38.43679384390486
            ],
            [
              146.13567257012198,
              -38.43679384390486
            ],
            [
              146.13569402779416,
              -38.43678544006703
            ],
            [
              146.13571548546622,
              -38.43678544006703
            ],
            [
              146.13573694313837,
              -38.43678544006703
            ],
            [
              146.13575840081046,
              -38.43677703622823
            ],
            [
              146.13576912964655,
              -38.436768632388485
            ],
            [
              146.13576912964655,
              -38.436760228547726
            ],
            [
              146.13576912964655,
              -38.436751824706
            ],
            [
              146.13576912964655,
              -38.43674342086328
            ],
            [
              146.13576912964655,
              -38.43673501701962
            ],
            [
              146.13576912964655,
              -38.43672661317495
            ],
            [
              146.13576912964655,
              -38.43671820932933
            ],
            [
              146.13576912964655,
              -38.43670980548269
            ],
            [
              146.13575840081046,
              -38.43670140163511
            ],
            [
              146.13575840081046,
              -38.436692997786515
            ],
            [
              146.13575840081046,
              -38.43668459393698
            ],
            [
              146.13575840081046,
              -38.43666778623495
            ],
            [
              146.1357476719744,
              -38.436659382382466
            ],
            [
              146.1357476719744,
              -38.43664257467456
            ],
            [
              146.13573694313837,
              -38.43663417081914
            ],
            [
              146.13573694313837,
              -38.436625766962734
            ],
            [
              146.13572621430228,
              -38.43661736310536
            ],
            [
              146.13572621430228,
              -38.43660895924702
            ],
            [
              146.13572621430228,
              -38.436600555387685
            ],
            [
              146.13571548546622,
              -38.436592151527364
            ],
            [
              146.13571548546622,
              -38.43658374766607
            ],
            [
              146.13571548546622,
              -38.43657534380381
            ],
            [
              146.13570475663016,
              -38.43657534380381
            ],
            [
              146.13569402779416,
              -38.436566939940555
            ],
            [
              146.13569402779416,
              -38.43655853607634
            ],
            [
              146.13569402779416,
              -38.43655013221115
            ],
            [
              146.13568329895804,
              -38.43653332447781
            ],
            [
              146.13567257012198,
              -38.43651651674056
            ],
            [
              146.13567257012198,
              -38.43650811287046
            ],
            [
              146.13566184128592,
              -38.43650811287046
            ],
            [
              146.13566184128592,
              -38.43649970899938
            ],
            [
              146.13565111244986,
              -38.43649130512732
            ],
            [
              146.13565111244986,
              -38.4364829012543
            ],
            [
              146.13565111244986,
              -38.43647449738031
            ],
            [
              146.1356403836138,
              -38.43647449738031
            ],
            [
              146.1356403836138,
              -38.4364660935053
            ],
            [
              146.1356403836138,
              -38.43645768962935
            ],
            [
              146.13562965477774,
              -38.43644928575244
            ],
            [
              146.13562965477774,
              -38.436440881874475
            ],
            [
              146.13561892594169,
              -38.436440881874475
            ],
            [
              146.13561892594169,
              -38.43643247799558
            ],
            [
              146.13560819710563,
              -38.43642407411571
            ],
            [
              146.13560819710563,
              -38.43640726635302
            ],
            [
              146.13560819710563,
              -38.436398862470206
            ],
            [
              146.13559746826957,
              -38.436398862470206
            ],
            [
              146.13559746826957,
              -38.43638205470167
            ],
            [
              146.1355867394335,
              -38.43638205470167
            ],
            [
              146.1355867394335,
              -38.43637365081592
            ],
            [
              146.13557601059745,
              -38.43637365081592
            ],
            [
              146.13557601059745,
              -38.43635684304148
            ],
            [
              146.1355652817614,
              -38.43634843915281
            ],
            [
              146.1355652817614,
              -38.43634003526315
            ],
            [
              146.13555455292533,
              -38.43634003526315
            ],
            [
              146.13555455292533,
              -38.43633163137252
            ],
            [
              146.13554382408927,
              -38.4363232274809
            ],
            [
              146.13554382408927,
              -38.436314823588305
            ],
            [
              146.1355330952532,
              -38.43630641969472
            ],
            [
              146.13552236641715,
              -38.43630641969472
            ],
            [
              146.13552236641715,
              -38.436298015800176
            ],
            [
              146.1355116375811,
              -38.436298015800176
            ],
            [
              146.1355116375811,
              -38.43628961190466
            ],
            [
              146.13550090874503,
              -38.43628961190466
            ],
            [
              146.13550090874503,
              -38.436281208008154
            ],
            [
              146.13549017990897,
              -38.436281208008154
            ],
            [
              146.13549017990897,
              -38.43627280411068
            ],
            [
              146.1354794510729,
              -38.43626440021221
            ],
            [
              146.13546872223685,
              -38.436255996312774
            ],
            [
              146.13544726456476,
              -38.436255996312774
            ],
            [
              146.13533997620414,
              -38.43612993770376
            ],
            [
              146.1351146706469,
              -38.43601228280343
            ],
            [
              146.13479280556513,
              -38.43604589850882
            ],
            [
              146.13448166931943,
              -38.43612153378866
            ],
            [
              146.13427782143427,
              -38.43611312987261
            ]
          ]
        ],
        "crs": "EPSG:4283"
      },
      "dateLastUpdated": "2015-06-18T02:42:09.256Z"
    },
    {
      "name": "2",
      "_id": 1434322089626,
      "area": 2.1502305968418662,
      "geometry": {
        "type": "Polygon",
        "coordinates": [
          [
            [
              146.13170290077989,
              -38.43546602539735
            ],
            [
              146.13260412300892,
              -38.434852531383136
            ],
            [
              146.13347315872971,
              -38.43432307345402
            ],
            [
              146.13388085449998,
              -38.434928167913185
            ],
            [
              146.13407397354905,
              -38.4349029557453
            ],
            [
              146.1342595064407,
              -38.4350255271876
            ],
            [
              146.13410915177096,
              -38.43513714651595
            ],
            [
              146.13297245015949,
              -38.43598099813069
            ],
            [
              146.1325142559512,
              -38.4362013277286
            ],
            [
              146.13251277214215,
              -38.436202041239476
            ],
            [
              146.13170290077989,
              -38.43546602539735
            ]
          ]
        ],
        "crs": "EPSG:4283"
      },
      "dateLastUpdated": "2015-06-18T02:42:09.256Z"
    },
    {
      "name": "22",
      "_id": 1434324024728,
      "area": 3.369398721115654,
      "geometry": {
        "type": "Polygon",
        "coordinates": [
          [
            [
              146.13717761022377,
              -38.43310849736908
            ],
            [
              146.13652553616922,
              -38.43613490511218
            ],
            [
              146.13557601059748,
              -38.43598707101414
            ],
            [
              146.1354365357287,
              -38.43570133678672
            ],
            [
              146.13478344340464,
              -38.43488588678608
            ],
            [
              146.13717761022377,
              -38.43310849736908
            ]
          ]
        ],
        "crs": "EPSG:4283"
      },
      "dateLastUpdated": "2015-06-18T02:42:09.256Z"
    },
    {
      "name": "1",
      "_id": 1434322089626,
      "area": 0.9152085988988982,
      "geometry": {
        "type": "Polygon",
        "coordinates": [
          [
            [
              146.13430025277668,
              -38.43499527815626
            ],
            [
              146.1341383465654,
              -38.43482731918882
            ],
            [
              146.13394522751634,
              -38.43479370291607
            ],
            [
              146.13353753174607,
              -38.43423903215584
            ],
            [
              146.13347315872971,
              -38.43391127015822
            ],
            [
              146.13371992195908,
              -38.43374318650535
            ],
            [
              146.13404178704087,
              -38.43362552771553
            ],
            [
              146.13476055459546,
              -38.43465356104982
            ],
            [
              146.1346507884927,
              -38.43473504893685
            ],
            [
              146.13430025277668,
              -38.43499527815626
            ]
          ]
        ],
        "crs": "EPSG:4283"
      },
      "dateLastUpdated": "2015-06-18T02:42:09.256Z"
    },
    {
      "name": "15",
      "_id": 1434322089626,
      "area": 1.4127462750339355,
      "geometry": {
        "type": "Polygon",
        "coordinates": [
          [
            [
              146.13013649071522,
              -38.43307084798094
            ],
            [
              146.13034033860035,
              -38.43212115914813
            ],
            [
              146.1318852909929,
              -38.43228924657697
            ],
            [
              146.1315634259111,
              -38.433238933199
            ],
            [
              146.13013649071522,
              -38.43307084798094
            ]
          ]
        ],
        "crs": "EPSG:4283"
      },
      "dateLastUpdated": "2015-06-18T02:42:09.256Z"
    },
    {
      "name": "21",
      "_id": 1434322089626,
      "area": 2.5799317701364184,
      "geometry": {
        "type": "Polygon",
        "coordinates": [
          [
            [
              146.1303060711307,
              -38.43147779944073
            ],
            [
              146.13181847901808,
              -38.4311395154669
            ],
            [
              146.13231444443528,
              -38.431028581323076
            ],
            [
              146.1333081476644,
              -38.43248676773749
            ],
            [
              146.1318852909929,
              -38.43228924657697
            ],
            [
              146.13034033860035,
              -38.43212115914813
            ],
            [
              146.13016279601746,
              -38.43209494186395
            ],
            [
              146.1301988904597,
              -38.431965217629646
            ],
            [
              146.1303060711307,
              -38.43147779944073
            ]
          ]
        ],
        "crs": "EPSG:4283"
      },
      "dateLastUpdated": "2015-06-18T02:42:09.256Z"
    },
    {
      "name": "49",
      "_id": 1434322089626,
      "area": 4.142705723507399,
      "geometry": {
        "type": "MultiPolygon",
        "coordinates": [
          [
            [
              [
                146.13142395104234,
                -38.429566182054685
              ],
              [
                146.12843076433964,
                -38.42905262155691
              ],
              [
                146.12858771303,
                -38.4282746197282
              ],
              [
                146.1286306242671,
                -38.42806190530626
              ],
              [
                146.1324966841869,
                -38.42855868075447
              ],
              [
                146.13294729530142,
                -38.428356965372124
              ],
              [
                146.13341936408804,
                -38.428508251961716
              ],
              [
                146.13154993733482,
                -38.429499386973944
              ],
              [
                146.13154993733482,
                -38.42949938697397
              ],
              [
                146.13142395104234,
                -38.429566182054685
              ]
            ]
          ],
          [
            [
              [
                146.12863571491957,
                -38.428036670494485
              ],
              [
                146.1286357149196,
                -38.428036670494485
              ],
              [
                146.1286306242671,
                -38.42806190530626
              ],
              [
                146.12863112949591,
                -38.428059400843026
              ],
              [
                146.12863571491957,
                -38.428036670494485
              ]
            ]
          ]
        ],
        "crs": "EPSG:4283"
      },
      "dateLastUpdated": "2015-06-18T02:42:09.256Z"
    },
    {
      "name": "46",
      "_id": 1434322089626,
      "area": 3.2064953729295897,
      "geometry": {
        "type": "Polygon",
        "coordinates": [
          [
            [
              146.13418691008027,
              -38.42792643471765
            ],
            [
              146.1357081918171,
              -38.428120874910185
            ],
            [
              146.13538289154832,
              -38.42835589819425
            ],
            [
              146.13542211334985,
              -38.428493806923335
            ],
            [
              146.13389158333604,
              -38.429347660080424
            ],
            [
              146.13389158333604,
              -38.42959139608607
            ],
            [
              146.1334195145494,
              -38.429423302377124
            ],
            [
              146.13301181877915,
              -38.42976789405936
            ],
            [
              146.132443190468,
              -38.42975948940374
            ],
            [
              146.13193893517317,
              -38.429818321972505
            ],
            [
              146.13154993733482,
              -38.42949938697397
            ],
            [
              146.13154993733482,
              -38.429499386973944
            ],
            [
              146.13341936408804,
              -38.428508251961716
            ],
            [
              146.13418691008027,
              -38.42792643471765
            ]
          ]
        ],
        "crs": "EPSG:4283"
      },
      "dateLastUpdated": "2015-06-18T02:42:09.256Z"
    },
    {
      "name": "47",
      "_id": 1434322089626,
      "area": 2.450337338650173,
      "geometry": {
        "type": "Polygon",
        "coordinates": [
          [
            [
              146.1303060711307,
              -38.43147779944073
            ],
            [
              146.13032759032512,
              -38.431379937679154
            ],
            [
              146.1296389692527,
              -38.43133560084786
            ],
            [
              146.12963896925274,
              -38.43133560084786
            ],
            [
              146.1307158478624,
              -38.429944391601246
            ],
            [
              146.13142395104234,
              -38.429566182054685
            ],
            [
              146.1320676812059,
              -38.430633568348185
            ],
            [
              146.13181847901808,
              -38.4311395154669
            ],
            [
              146.1303060711307,
              -38.43147779944073
            ]
          ]
        ],
        "crs": "EPSG:4283"
      },
      "dateLastUpdated": "2015-06-18T02:42:09.256Z"
    },
    {
      "name": "43",
      "_id": 1434322089626,
      "area": 2.2399543797643844,
      "geometry": {
        "type": "Polygon",
        "coordinates": [
          [
            [
              146.1356599911113,
              -38.430014263149914
            ],
            [
              146.13491082276167,
              -38.430608354680686
            ],
            [
              146.13414907540144,
              -38.430557927319256
            ],
            [
              146.13296890343491,
              -38.43084368190169
            ],
            [
              146.13231444443528,
              -38.431028581323076
            ],
            [
              146.1320676812059,
              -38.430633568348185
            ],
            [
              146.13142395104234,
              -38.429566182054685
            ],
            [
              146.13154257894686,
              -38.429503288226414
            ],
            [
              146.13193893517317,
              -38.429818321972505
            ],
            [
              146.132443190468,
              -38.42975948940374
            ],
            [
              146.13301181877915,
              -38.42976789405936
            ],
            [
              146.13358044709028,
              -38.430423454183305
            ],
            [
              146.1356599911113,
              -38.430014263149914
            ]
          ]
        ],
        "crs": "EPSG:4283"
      },
      "dateLastUpdated": "2015-06-18T02:42:09.256Z"
    },
    {
      "name": "50",
      "_id": 1434319786660,
      "geometry": {
        "type": "Polygon",
        "coordinates": [
          [
            [
              146.12879691009553,
              -38.427237607284745
            ],
            [
              146.13418311761555,
              -38.42792599177404
            ],
            [
              146.13341936408804,
              -38.428508251961716
            ],
            [
              146.13294729530142,
              -38.428356965372124
            ],
            [
              146.1324966841869,
              -38.42855868075447
            ],
            [
              146.1286306242671,
              -38.42806190530626
            ],
            [
              146.1286357149196,
              -38.428036670494485
            ],
            [
              146.12879691009553,
              -38.427237607284745
            ]
          ]
        ],
        "crs": "EPSG:4283"
      },
      "dateLastUpdated": "2015-06-18T02:42:09.256Z",
      "area": 3.967302032141037
    },
    {
      "name": "Paddock 1434320479154",
      "_id": 1434322089626,
      "geometry": {
        "type": "GeometryCollection",
        "geometries": [
          {
            "type": "LineString",
            "coordinates": [
              [
                9.51642701291791e-19,
                0
              ],
              [
                9.516427089777295e-19,
                0
              ]
            ]
          },
          {
            "type": "LineString",
            "coordinates": [
              [
                9.516427089777295e-19,
                0
              ],
              [
                9.516427279450502e-19,
                0
              ]
            ]
          },
          {
            "type": "Polygon",
            "coordinates": [
              [
                [
                  9.516365446236523e-19,
                  0
                ],
                [
                  9.516356363617091e-19,
                  0
                ],
                [
                  9.516313834170154e-19,
                  0
                ],
                [
                  9.516469742587612e-19,
                  0
                ],
                [
                  9.516427279450502e-19,
                  0
                ],
                [
                  9.516365446236523e-19,
                  0
                ]
              ]
            ]
          }
        ],
        "crs": "EPSG:4283"
      },
      "dateLastUpdated": "2015-06-18T02:42:09.257Z"
    },
    {
      "name": "Paddock 1434321837420",
      "_id": 1434322089626,
      "geometry": {
        "type": "GeometryCollection",
        "geometries": [
          {
            "type": "LineString",
            "coordinates": [
              [
                9.515894065130487e-19,
                0
              ],
              [
                9.515894065103509e-19,
                0
              ]
            ]
          },
          {
            "type": "Polygon",
            "coordinates": [
              [
                [
                  9.515871548513228e-19,
                  0
                ],
                [
                  9.515900146981892e-19,
                  0
                ],
                [
                  9.51609506364277e-19,
                  0
                ],
                [
                  9.516048951882596e-19,
                  0
                ],
                [
                  9.5159788254242e-19,
                  0
                ],
                [
                  9.515894065130487e-19,
                  0
                ],
                [
                  9.515871548513228e-19,
                  0
                ]
              ]
            ]
          }
        ],
        "crs": "EPSG:4283"
      },
      "dateLastUpdated": "2015-06-18T02:42:09.257Z"
    },
    {
      "name": "3",
      "_id": 1434322089626,
      "area": 1.968912479252894,
      "geometry": {
        "type": "Polygon",
        "coordinates": [
          [
            [
              146.13031799541858,
              -38.43686531797331
            ],
            [
              146.13051199997727,
              -38.435600489142324
            ],
            [
              146.13135957802598,
              -38.43565931695198
            ],
            [
              146.13170290077989,
              -38.43546602539735
            ],
            [
              146.13251277214215,
              -38.436202041239476
            ],
            [
              146.13096195964656,
              -38.436947767828634
            ],
            [
              146.13031799541858,
              -38.43686531797331
            ]
          ]
        ],
        "crs": "EPSG:4283"
      },
      "dateLastUpdated": "2015-06-18T02:42:09.257Z"
    },
    {
      "name": "4",
      "_id": 1434322089626,
      "area": 1.5197622392065502,
      "geometry": {
        "type": "Polygon",
        "coordinates": [
          [
            [
              146.12900747111783,
              -38.436697524916525
            ],
            [
              146.1292278654892,
              -38.435578895376466
            ],
            [
              146.13051199997727,
              -38.435600489142324
            ],
            [
              146.13031799541858,
              -38.43686531797331
            ],
            [
              146.12900747111783,
              -38.436697524916525
            ]
          ]
        ],
        "crs": "EPSG:4283"
      },
      "dateLastUpdated": "2015-06-18T02:42:09.257Z"
    },
    {
      "name": "5",
      "_id": 1434322089626,
      "area": 3.8826071492303886,
      "geometry": {
        "type": "Polygon",
        "coordinates": [
          [
            [
              146.12773076719358,
              -38.434195343186126
            ],
            [
              146.12895631874864,
              -38.43441551876906
            ],
            [
              146.12948203171555,
              -38.4345415803715
            ],
            [
              146.12925672615836,
              -38.43543240942197
            ],
            [
              146.12922786548927,
              -38.435578895376466
            ],
            [
              146.1292278654892,
              -38.435578895376466
            ],
            [
              146.12900747111783,
              -38.436697524916525
            ],
            [
              146.1272611798594,
              -38.436473937805324
            ],
            [
              146.12773076719358,
              -38.434195343186126
            ]
          ]
        ],
        "crs": "EPSG:4283"
      },
      "dateLastUpdated": "2015-06-18T02:42:09.257Z"
    },
    {
      "name": "10",
      "_id": 1434322089626,
      "area": 2.4040339607882717,
      "geometry": {
        "type": "Polygon",
        "coordinates": [
          [
            [
              146.12961077774827,
              -38.43546602539735
            ],
            [
              146.12995410050218,
              -38.43410456587527
            ],
            [
              146.13135707194118,
              -38.43417076949686
            ],
            [
              146.13173508728806,
              -38.43418860732999
            ],
            [
              146.13162779892747,
              -38.43425584042331
            ],
            [
              146.13157415474717,
              -38.43534836941507
            ],
            [
              146.1313273915178,
              -38.4355584692489
            ],
            [
              146.13052272881333,
              -38.43549964135706
            ],
            [
              146.12988972748582,
              -38.43547442938874
            ],
            [
              146.12961077774827,
              -38.43546602539735
            ]
          ]
        ],
        "crs": "EPSG:4283"
      },
      "dateLastUpdated": "2015-06-18T02:42:09.257Z"
    },
    {
      "name": "9",
      "_id": 1434322089626,
      "area": 1.1506677306900541,
      "geometry": {
        "type": "Polygon",
        "coordinates": [
          [
            [
              146.13157415474717,
              -38.43534836941507
            ],
            [
              146.13162779892747,
              -38.43425584042331
            ],
            [
              146.13173508728806,
              -38.43418860732999
            ],
            [
              146.1319925793535,
              -38.43423903215584
            ],
            [
              146.13230371559922,
              -38.434264244555564
            ],
            [
              146.13332295502488,
              -38.43387765345894
            ],
            [
              146.1333980568773,
              -38.43425584042331
            ],
            [
              146.13157415474717,
              -38.43534836941507
            ]
          ]
        ],
        "crs": "EPSG:4283"
      },
      "dateLastUpdated": "2015-06-18T02:42:09.257Z"
    },
    {
      "name": "14",
      "_id": 1434322089626,
      "area": 1.4498075530262735,
      "geometry": {
        "type": "Polygon",
        "coordinates": [
          [
            [
              146.1318852909929,
              -38.43228924657697
            ],
            [
              146.1333081476644,
              -38.43248676773749
            ],
            [
              146.1335804470903,
              -38.43252456831996
            ],
            [
              146.13295817459885,
              -38.43339020956069
            ],
            [
              146.1315634259111,
              -38.433238933199
            ],
            [
              146.1318852909929,
              -38.43228924657697
            ]
          ]
        ],
        "crs": "EPSG:4283"
      },
      "dateLastUpdated": "2015-06-18T02:42:09.257Z"
    },
    {
      "name": "13",
      "_id": 1434322089626,
      "area": 1.3719464652143314,
      "geometry": {
        "type": "Polygon",
        "coordinates": [
          [
            [
              146.12995410050218,
              -38.43410456587527
            ],
            [
              146.13013649071522,
              -38.43307084798094
            ],
            [
              146.1315634259111,
              -38.433238933199
            ],
            [
              146.131483302853,
              -38.43360074774796
            ],
            [
              146.13135707194118,
              -38.43417076949686
            ],
            [
              146.12995410050218,
              -38.43410456587527
            ]
          ]
        ],
        "crs": "EPSG:4283"
      },
      "dateLastUpdated": "2015-06-18T02:42:09.257Z"
    },
    {
      "name": "12",
      "_id": 1434322089626,
      "area": 1.4793739054405028,
      "geometry": {
        "type": "Polygon",
        "coordinates": [
          [
            [
              146.1315634259111,
              -38.433238933199
            ],
            [
              146.131724358452,
              -38.43326414594795
            ],
            [
              146.13295817459885,
              -38.43339020956069
            ],
            [
              146.13362336243455,
              -38.43367595293464
            ],
            [
              146.13332295502488,
              -38.43387765345894
            ],
            [
              146.13230371559922,
              -38.434264244555564
            ],
            [
              146.13173508728806,
              -38.43418860732999
            ],
            [
              146.13135707194118,
              -38.43417076949686
            ],
            [
              146.131483302853,
              -38.43360074774796
            ],
            [
              146.1315634259111,
              -38.433238933199
            ]
          ]
        ],
        "crs": "EPSG:4283"
      },
      "dateLastUpdated": "2015-06-18T02:42:09.257Z"
    },
    {
      "name": "40",
      "_id": 1434322089626,
      "area": 4.595996160759613,
      "geometry": {
        "type": "Polygon",
        "coordinates": [
          [
            [
              146.12773218267026,
              -38.4341884747118
            ],
            [
              146.12777502430419,
              -38.4339805891925
            ],
            [
              146.12786939968635,
              -38.4335226382697
            ],
            [
              146.12861299599479,
              -38.4330960607886
            ],
            [
              146.12883830155198,
              -38.43307084798094
            ],
            [
              146.12906360710923,
              -38.43308765652037
            ],
            [
              146.12926745499436,
              -38.43290276237163
            ],
            [
              146.12941765869925,
              -38.43264222890387
            ],
            [
              146.12955713356797,
              -38.432566589979075
            ],
            [
              146.1296644219286,
              -38.432507759649496
            ],
            [
              146.12971806610886,
              -38.43212956352887
            ],
            [
              146.12961077774827,
              -38.43206232845559
            ],
            [
              146.1291494377977,
              -38.431860622860164
            ],
            [
              146.1286773690111,
              -38.43253297265373
            ],
            [
              146.1285164364702,
              -38.43261701593773
            ],
            [
              146.12832331742115,
              -38.43261701593773
            ],
            [
              146.1281945713884,
              -38.43267584617835
            ],
            [
              146.128119469536,
              -38.43286074090814
            ],
            [
              146.1281409272081,
              -38.433079252251154
            ],
            [
              146.12807655419175,
              -38.433272550195646
            ],
            [
              146.12790980474145,
              -38.43332657425767
            ],
            [
              146.1283373699799,
              -38.431251797373186
            ],
            [
              146.12963896925274,
              -38.43133560084786
            ],
            [
              146.1296389692527,
              -38.43133560084786
            ],
            [
              146.13032759032512,
              -38.431379937679154
            ],
            [
              146.1303060711307,
              -38.43147779944073
            ],
            [
              146.1301988904597,
              -38.431965217629646
            ],
            [
              146.13016279601746,
              -38.43209494186395
            ],
            [
              146.12948203171555,
              -38.4345415803715
            ],
            [
              146.12895631874864,
              -38.43441551876906
            ],
            [
              146.12805392692738,
              -38.43425340028077
            ],
            [
              146.12773218267026,
              -38.4341884747118
            ]
          ]
        ],
        "crs": "EPSG:4283"
      },
      "dateLastUpdated": "2015-06-18T02:42:09.257Z"
    },
    {
      "name": "59",
      "_id": 1434322089626,
      "area": 6.8668082155040775,
      "geometry": {
        "type": "Polygon",
        "coordinates": [
          [
            [
              146.13010120766398,
              -38.44551770964153
            ],
            [
              146.13062152595725,
              -38.44555306078083
            ],
            [
              146.13079318733418,
              -38.44538500423324
            ],
            [
              146.1313940021535,
              -38.44525055871343
            ],
            [
              146.1317158672353,
              -38.44513291867815
            ],
            [
              146.13253125877583,
              -38.44530097581274
            ],
            [
              146.13300332756245,
              -38.446090839103285
            ],
            [
              146.13300332756245,
              -38.445603477668776
            ],
            [
              146.13308915825093,
              -38.445317781504656
            ],
            [
              146.13358268470967,
              -38.445216947294334
            ],
            [
              146.1340547534963,
              -38.44520014157896
            ],
            [
              146.13455741155585,
              -38.44526857158289
            ],
            [
              146.13414555019955,
              -38.44717962743333
            ],
            [
              146.1295398605381,
              -38.44658342798811
            ],
            [
              146.13010120766398,
              -38.44551770964153
            ]
          ]
        ],
        "crs": "EPSG:4283"
      },
      "dateLastUpdated": "2015-06-18T02:42:09.258Z"
    },
    {
      "name": "57",
      "_id": 1434322089626,
      "area": 3.7836438077062438,
      "geometry": {
        "type": "Polygon",
        "coordinates": [
          [
            [
              146.13087169999767,
              -38.440580328040376
            ],
            [
              146.13249719866968,
              -38.44080276994109
            ],
            [
              146.13304584848902,
              -38.44087784995144
            ],
            [
              146.1354331639909,
              -38.441204541344504
            ],
            [
              146.13527968726925,
              -38.44191678942695
            ],
            [
              146.13525596202717,
              -38.44202689186944
            ],
            [
              146.13516817779407,
              -38.44243427333227
            ],
            [
              146.13491621487688,
              -38.44256227800679
            ],
            [
              146.13490653703047,
              -38.442069625134195
            ],
            [
              146.13462758729293,
              -38.442052818685944
            ],
            [
              146.13421989152266,
              -38.441918366958966
            ],
            [
              146.1339409417851,
              -38.441683075834156
            ],
            [
              146.13334012696578,
              -38.44159904310371
            ],
            [
              146.13321138093306,
              -38.441800721492434
            ],
            [
              146.13107781222726,
              -38.441524035935636
            ],
            [
              146.1310190700587,
              -38.44105869782254
            ],
            [
              146.13087169999767,
              -38.440580328040376
            ]
          ]
        ],
        "crs": "EPSG:4283"
      },
      "dateLastUpdated": "2015-06-18T02:42:09.258Z"
    },
    {
      "name": "58",
      "_id": 1434322089626,
      "area": 9.616238237821207,
      "geometry": {
        "type": "Polygon",
        "coordinates": [
          [
            [
              146.13110301667973,
              -38.441723697245514
            ],
            [
              146.13373620323043,
              -38.44205531481266
            ],
            [
              146.1340366106401,
              -38.442458668476874
            ],
            [
              146.13455159477093,
              -38.442660344463754
            ],
            [
              146.13491621487688,
              -38.44256227800679
            ],
            [
              146.13515439887877,
              -38.442498217119784
            ],
            [
              146.13492762788732,
              -38.443550584714565
            ],
            [
              146.13463426986215,
              -38.44491193748414
            ],
            [
              146.1340416365795,
              -38.44476130902877
            ],
            [
              146.13341936408804,
              -38.44477811484636
            ],
            [
              146.13238939582638,
              -38.444895755459974
            ],
            [
              146.13159546195791,
              -38.44481172646982
            ],
            [
              146.13127359687613,
              -38.444307550474406
            ],
            [
              146.1313379698925,
              -38.44358489207244
            ],
            [
              146.13110301667973,
              -38.44172369724554
            ],
            [
              146.13110301667973,
              -38.441723697245514
            ]
          ]
        ],
        "crs": "EPSG:4283"
      },
      "dateLastUpdated": "2015-06-18T02:42:09.258Z"
    },
    {
      "name": "33",
      "_id": 1434322089626,
      "area": 1.4210920328310626,
      "geometry": {
        "type": "Polygon",
        "coordinates": [
          [
            [
              146.13077758603126,
              -38.43997419648009
            ],
            [
              146.13172319751203,
              -38.44006001255847
            ],
            [
              146.13312555024459,
              -38.44018727860466
            ],
            [
              146.13304584848902,
              -38.44087784995144
            ],
            [
              146.13249719866968,
              -38.44080276994109
            ],
            [
              146.13087169999767,
              -38.440580328040376
            ],
            [
              146.13077758603126,
              -38.43997419648009
            ]
          ]
        ],
        "crs": "EPSG:4283"
      },
      "dateLastUpdated": "2015-06-18T02:42:09.258Z"
    },
    {
      "name": "34",
      "_id": 1434322089626,
      "area": 1.2816213503215523,
      "geometry": {
        "type": "Polygon",
        "coordinates": [
          [
            [
              146.13068945772702,
              -38.43940661036238
            ],
            [
              146.13314700791673,
              -38.439649456294624
            ],
            [
              146.13313568245272,
              -38.4399333220327
            ],
            [
              146.13312555024459,
              -38.44018727860466
            ],
            [
              146.13102558179443,
              -38.43999670258711
            ],
            [
              146.13077758603126,
              -38.43997419648009
            ],
            [
              146.13069054827375,
              -38.43941363400342
            ],
            [
              146.13068945772702,
              -38.43940661036238
            ]
          ]
        ],
        "crs": "EPSG:4283"
      },
      "dateLastUpdated": "2015-06-18T02:42:09.258Z"
    },
    {
      "name": "36",
      "_id": 1434322089626,
      "area": 2.5234123141324614,
      "geometry": {
        "type": "Polygon",
        "coordinates": [
          [
            [
              146.13327575394942,
              -38.43902759425348
            ],
            [
              146.13208913887806,
              -38.438844351090395
            ],
            [
              146.13100552643604,
              -38.438726700613785
            ],
            [
              146.1306331341289,
              -38.438719516790876
            ],
            [
              146.13060840904043,
              -38.4383580077547
            ],
            [
              146.13079860290634,
              -38.43781531265907
            ],
            [
              146.1337081535154,
              -38.438096130850596
            ],
            [
              146.13361278811792,
              -38.43830156543321
            ],
            [
              146.13327575394942,
              -38.43902759425348
            ]
          ]
        ],
        "crs": "EPSG:4283"
      },
      "dateLastUpdated": "2015-06-18T02:42:09.258Z"
    },
    {
      "name": "35",
      "_id": 1434322089626,
      "area": 1.7047139037238708,
      "geometry": {
        "type": "Polygon",
        "coordinates": [
          [
            [
              146.13314700791673,
              -38.439649456294624
            ],
            [
              146.13068945772702,
              -38.43940661036238
            ],
            [
              146.1306331341289,
              -38.438719516790876
            ],
            [
              146.13100552643604,
              -38.438726700613785
            ],
            [
              146.13208913887806,
              -38.438844351090395
            ],
            [
              146.13327575394942,
              -38.43902759425348
            ],
            [
              146.13314700791673,
              -38.439649456294624
            ]
          ]
        ],
        "crs": "EPSG:4283"
      },
      "dateLastUpdated": "2015-06-18T02:42:09.258Z"
    },
    {
      "name": "38",
      "_id": 1434322089626,
      "area": 1.7637951713396183,
      "geometry": {
        "type": "Polygon",
        "coordinates": [
          [
            [
              146.13395603511063,
              -38.43753300012444
            ],
            [
              146.13370776143702,
              -38.43809609300884
            ],
            [
              146.13079860290634,
              -38.43781531265907
            ],
            [
              146.1309088164501,
              -38.43750082983126
            ],
            [
              146.13125942946652,
              -38.43718798745528
            ],
            [
              146.13395603511063,
              -38.43753300012444
            ]
          ]
        ],
        "crs": "EPSG:4283"
      },
      "dateLastUpdated": "2015-06-18T02:42:09.258Z"
    },
    {
      "name": "39",
      "_id": 1434322089626,
      "area": 2.7564000035675824,
      "geometry": {
        "type": "Polygon",
        "coordinates": [
          [
            [
              146.1315887526887,
              -38.437230122248884
            ],
            [
              146.13124403657608,
              -38.43718313563392
            ],
            [
              146.13157563982622,
              -38.43686886783995
            ],
            [
              146.1331133799736,
              -38.436125688048755
            ],
            [
              146.13411578557242,
              -38.43538153699554
            ],
            [
              146.13435292328668,
              -38.435608893118115
            ],
            [
              146.13373065079523,
              -38.43633163137252
            ],
            [
              146.13378429497553,
              -38.43663417081914
            ],
            [
              146.1339774140246,
              -38.4369199013546
            ],
            [
              146.13414907540155,
              -38.437138400412806
            ],
            [
              146.13398994462344,
              -38.43750953231025
            ],
            [
              146.1339899446234,
              -38.43750953231027
            ],
            [
              146.13397868198302,
              -38.437535799470155
            ],
            [
              146.1339786420822,
              -38.437535892528345
            ],
            [
              146.1315887526887,
              -38.437230122248884
            ]
          ]
        ],
        "crs": "EPSG:4283"
      },
      "dateLastUpdated": "2015-06-18T02:42:09.258Z"
    }
  ],
  "area": 120.19726112010747,
  "areaUnit": "hectare",
  "paddockGroups": [
    {
      "name": "Group 1-5",
      "paddocks": ["1", "2", "3", "4", "5"]
    },
    {
      "name": "Group 43-45",
      "paddocks": ["43", "44", "45"]
    }]
}