{
  "tags": {
    "allowUnknownTags": true,
    "dictionaries": ["jsdoc"]
  },
  "source": {
    "include": ["src", "package.json", "README_API.md"],
    "includePattern": ".js$",
    "excludePattern": "(node_modules/|docs)"
  },
  "plugins": [
    "plugins/markdown"
  ],
  "templates": {
    "cleverLinks": false,
    "monospaceLinks": true
  },
  "opts": {
    "destination": "./docs/",
    "encoding": "utf8",
    "private": false,
    "recurse": true,
    "verbose": true,
    "template": "./node_modules/minami"
  }
}